0,8.000000000E-01,0.000000000E+00
0.5,8.000000000E-01,0.000000000E+00
1,8.000000000E-01,0.000000000E+00
1.5,8.000000000E-01,0.000000000E+00
2,8.000000000E-01,0.000000000E+00
2.5,8.000000000E-01,0.000000000E+00
3,8.000000000E-01,0.000000000E+00
3.5,8.000000000E-01,0.000000000E+00
4,8.000000000E-01,0.000000000E+00
4.5,8.000000000E-01,0.000000000E+00
5,8.000000000E-01,0.000000000E+00
5.5,8.000000000E-01,0.000000000E+00
6,8.000000000E-01,0.000000000E+00
6.5,8.000000000E-01,0.000000000E+00
7,8.000000000E-01,0.000000000E+00
7.5,8.000000000E-01,0.000000000E+00
8,8.000000000E-01,0.000000000E+00
8.5,8.000000000E-01,0.000000000E+00
9,8.000000000E-01,0.000000000E+00
9.5,8.000000000E-01,0.000000000E+00
10,8.000000000E-01,0.000000000E+00
10.5,8.000000000E-01,0.000000000E+00
11,8.000000000E-01,0.000000000E+00
11.5,8.000000000E-01,0.000000000E+00
12,8.000000000E-01,0.000000000E+00
12.5,8.000000000E-01,0.000000000E+00
13,8.000000000E-01,0.000000000E+00
13.5,8.000000000E-01,0.000000000E+00
14,8.000000000E-01,0.000000000E+00
14.5,8.000000000E-01,0.000000000E+00
15,7.999934826E-01,0.000000000E+00
15.5,7.999646638E-01,0.000000000E+00
16,7.998882983E-01,0.000000000E+00
16.5,7.997295136E-01,0.000000000E+00
17,7.994436755E-01,0.000000000E+00
17.5,7.989762964E-01,0.000000000E+00
18,7.982629946E-01,0.000000000E+00
18.5,7.972295168E-01,0.000000000E+00
19,7.957918317E-01,0.000000000E+00
19.5,7.938628208E-01,0.000000000E+00
20,7.913552823E-01,0.000000000E+00
20.5,7.881824605E-01,0.000000000E+00
21,7.842586212E-01,0.000000000E+00
21.5,7.794996594E-01,0.000000000E+00
22,7.738237147E-01,0.000000000E+00
22.5,7.671648080E-01,0.000000000E+00
23,7.594788975E-01,0.000000000E+00
23.5,7.507447628E-01,0.000000000E+00
24,7.409647457E-01,0.000000000E+00
24.5,7.301653332E-01,0.000000000E+00
25,7.183975540E-01,0.000000000E+00
25.5,7.057371787E-01,0.000000000E+00
26,6.922847045E-01,0.000000000E+00
26.5,6.781651289E-01,0.000000000E+00
27,6.635144738E-01,0.000000000E+00
27.5,6.484736458E-01,0.000000000E+00
28,6.331872215E-01,0.000000000E+00
28.5,6.178021307E-01,0.000000000E+00
29,6.024662653E-01,0.000000000E+00
29.5,5.873270672E-01,0.000000000E+00
30,5.725236164E-01,0.000000000E+00
30.5,5.581825566E-01,0.000000000E+00
31,5.444166785E-01,0.000000000E+00
31.5,5.313236709E-01,0.000000000E+00
32,5.189850584E-01,0.000000000E+00
32.5,5.074653468E-01,0.000000000E+00
33,4.968113773E-01,0.000000000E+00
33.5,4.870518942E-01,0.000000000E+00
34,4.781973103E-01,0.000000000E+00
34.5,4.702461794E-01,0.000000000E+00
35,4.631880696E-01,0.000000000E+00
35.5,4.570040369E-01,0.000000000E+00
36,4.516672067E-01,0.000000000E+00
36.5,4.471434493E-01,0.000000000E+00
37,4.433921287E-01,0.000000000E+00
37.5,4.403669101E-01,0.000000000E+00
38,4.380166096E-01,0.000000000E+00
38.5,4.362860753E-01,0.000000000E+00
39,4.351170848E-01,0.000000000E+00
39.5,4.344492504E-01,0.000000000E+00
40,4.342209207E-01,0.000000000E+00
40.5,4.343700676E-01,0.000000000E+00
41,4.348351467E-01,0.000000000E+00
41.5,4.355559168E-01,0.000000000E+00
42,4.364742047E-01,0.000000000E+00
42.5,4.375345987E-01,0.000000000E+00
43,4.386850542E-01,0.000000000E+00
43.5,4.398773980E-01,0.000000000E+00
44,4.410677142E-01,0.000000000E+00
44.5,4.422166043E-01,0.000000000E+00
45,4.432893098E-01,0.000000000E+00
45.5,4.442556999E-01,0.000000000E+00
46,4.450901240E-01,0.000000000E+00
46.5,4.457711415E-01,0.000000000E+00
47,4.462811439E-01,0.000000000E+00
47.5,4.466058911E-01,0.000000000E+00
48,4.467339889E-01,0.000000000E+00
48.5,4.466563369E-01,0.000000000E+00
49,4.463655777E-01,0.000000000E+00
49.5,4.458555809E-01,0.000000000E+00
50,4.451209872E-01,0.000000000E+00
50.5,4.441568414E-01,0.000000000E+00
51,4.429583287E-01,0.000000000E+00
51.5,4.415206300E-01,0.000000000E+00
52,4.398388972E-01,0.000000000E+00
52.5,4.379083454E-01,0.000000000E+00
53,4.357244505E-01,0.000000000E+00
53.5,4.332832330E-01,0.000000000E+00
54,4.305816029E-01,0.000000000E+00
54.5,4.276177375E-01,0.000000000E+00
55,4.243914601E-01,0.000000000E+00
55.5,4.209045882E-01,0.000000000E+00
56,4.171612207E-01,0.000000000E+00
56.5,4.131679391E-01,0.000000000E+00
57,4.089338995E-01,0.000000000E+00
57.5,4.044708018E-01,0.000000000E+00
58,3.997927264E-01,0.000000000E+00
58.5,3.949158437E-01,0.000000000E+00
59,3.898580007E-01,0.000000000E+00
59.5,3.846382074E-01,0.000000000E+00
60,3.792760434E-01,0.000000000E+00
60.5,3.737910181E-01,0.000000000E+00
61,3.682019142E-01,0.000000000E+00
61.5,3.625261542E-01,0.000000000E+00
62,3.567792229E-01,0.000000000E+00
62.5,3.509741807E-01,0.000000000E+00
63,3.451212942E-01,0.000000000E+00
63.5,3.392278079E-01,0.000000000E+00
64,3.332978686E-01,0.000000000E+00
64.5,3.273326109E-01,0.000000000E+00
65,3.213303975E-01,0.000000000E+00
65.5,3.152872066E-01,0.000000000E+00
66,3.091971385E-01,0.000000000E+00
66.5,3.030530211E-01,0.000000000E+00
67,2.968470750E-01,0.000000000E+00
67.5,2.905716061E-01,0.000000000E+00
68,2.842196828E-01,0.000000000E+00
68.5,2.777857688E-01,0.000000000E+00
69,2.712662690E-01,0.000000000E+00
69.5,2.646599690E-01,0.000000000E+00
70,2.579683397E-01,0.000000000E+00
70.5,2.511957013E-01,0.000000000E+00
71,2.443492360E-01,0.000000000E+00
71.5,2.374388607E-01,0.000000000E+00
72,2.304769643E-01,0.000000000E+00
72.5,2.234780363E-01,0.000000000E+00
73,2.164582041E-01,0.000000000E+00
73.5,2.094347134E-01,0.000000000E+00
74,2.024253744E-01,0.000000000E+00
74.5,1.954480108E-01,0.000000000E+00
75,1.885199296E-01,0.000000000E+00
75.5,1.816574447E-01,0.000000000E+00
76,1.748754644E-01,0.000000000E+00
76.5,1.681871654E-01,0.000000000E+00
77,1.616037538E-01,0.000000000E+00
77.5,1.551343226E-01,0.000000000E+00
78,1.487857959E-01,0.000000000E+00
78.5,1.425629593E-01,0.000000000E+00
79,1.364685582E-01,0.000000000E+00
79.5,1.305034568E-01,0.000000000E+00
80,1.246668366E-01,0.000000000E+00
80.5,1.189564232E-01,0.000000000E+00
81,1.133687202E-01,0.000000000E+00
81.5,1.078992418E-01,0.000000000E+00
82,1.025427233E-01,0.000000000E+00
82.5,9.729330968E-02,0.000000000E+00
83,9.214470452E-02,5.259203610E-12
83.5,8.709028329E-02,2.103681440E-11
84,8.212316091E-02,5.259203610E-11
84.5,7.723833485E-02,1.051840720E-10
85,7.243299424E-02,1.840721260E-10
85.5,6.770657616E-02,2.945154020E-10
86,6.306080678E-02,4.417731030E-10
86.5,5.849973997E-02,6.311044330E-10
87,5.402979297E-02,8.677685950E-10
87.5,4.965979307E-02,1.157024790E-09
88,4.540103503E-02,1.504132230E-09
88.5,4.126736070E-02,1.898572500E-09
89,3.727314672E-02,2.329827200E-09
89.5,3.343311458E-02,2.787377910E-09
90,2.976239022E-02,3.260706240E-09
90.5,2.627658356E-02,3.739293760E-09
91,2.299188485E-02,4.212622090E-09
91.5,1.992518491E-02,4.670172800E-09
92,1.671511870E-02,5.101427500E-09
92.5,1.366846500E-02,5.495867770E-09
93,1.090630471E-02,5.842975210E-09
93.5,8.467997247E-03,6.132231400E-09
94,6.356322829E-03,6.368895570E-09
94.5,4.557048033E-03,6.558226900E-09
95,3.047362730E-03,6.705484600E-09
95.5,1.799468809E-03,6.815927870E-09
96,7.820459207E-04,6.894815930E-09
96.5,3.398757561E-04,6.947407960E-09
97,1.477093947E-04,6.978963190E-09
97.5,6.419423832E-05,6.994740800E-09
98,2.789870097E-05,7.000000000E-09
98.5,1.212472546E-05,7.000000000E-09
99,5.269383964E-06,7.000000000E-09
99.5,2.290064831E-06,7.000000000E-09
100,9.952580728E-07,7.000000000E-09
100.5,4.325373755E-07,7.000000000E-09
101,1.879799685E-07,7.000000000E-09
101.5,8.169575754E-08,7.000000000E-09
102,3.550482987E-08,7.000000000E-09
102.5,1.543033545E-08,7.000000000E-09
103,6.705996145E-09,7.000000000E-09
103.5,2.914413911E-09,7.000000000E-09
104,1.266599065E-09,7.000000000E-09
104.5,5.504616843E-10,7.000000000E-09
105,2.392296619E-10,7.000000000E-09
105.5,1.039687825E-10,7.000000000E-09
106,4.518464660E-11,7.000000000E-09
106.5,1.963716647E-11,7.000000000E-09
107,8.534277366E-12,7.000000000E-09
107.5,3.708981654E-12,7.000000000E-09
108,1.611916782E-12,7.000000000E-09
108.5,7.005361458E-13,7.000000000E-09
109,3.044517540E-13,7.000000000E-09
109.5,1.323141869E-13,7.000000000E-09
110,5.750350857E-14,7.000000000E-09
110.5,2.499092181E-14,7.000000000E-09
111,1.086100985E-14,7.000000000E-09
111.5,4.720175422E-15,7.000000000E-09
112,2.051379782E-15,7.000000000E-09
112.5,8.915259783E-16,7.000000000E-09
113,3.874555930E-16,7.000000000E-09
113.5,1.683875066E-16,7.000000000E-09
114,7.318090870E-17,7.000000000E-09
114.5,3.180429182E-17,7.000000000E-09
115,1.382208825E-17,7.000000000E-09
115.5,6.007054790E-18,7.000000000E-09
116,2.610655250E-18,7.000000000E-09
116.5,1.134586095E-18,7.000000000E-09
117,4.930890842E-19,7.000000000E-09
117.5,2.142956326E-19,7.000000000E-09
118,9.313249802E-20,7.000000000E-09
118.5,4.047521679E-20,7.000000000E-09
119,1.759045671E-20,7.000000000E-09
119.5,7.644780972E-21,7.000000000E-09
120,3.322408115E-21,7.000000000E-09
120.5,1.443912615E-21,7.000000000E-09
121,6.275218356E-22,7.000000000E-09
121.5,2.727198655E-22,7.000000000E-09
122,1.185235650E-22,7.000000000E-09
122.5,5.151012901E-23,7.000000000E-09
123,2.238620979E-23,7.000000000E-09
123.5,9.729006669E-24,7.000000000E-09
124,4.228208869E-24,7.000000000E-09
124.5,1.837572000E-24,7.000000000E-09
125,7.986054990E-25,7.000000000E-09
125.5,3.470725192E-25,7.000000000E-09
126,1.508370951E-25,7.000000000E-09
126.5,6.555353129E-26,7.000000000E-09
127,2.848944726E-26,7.000000000E-09
127.5,1.238146274E-26,7.000000000E-09
128,5.380961526E-27,7.000000000E-09
128.5,1.303607582E-27,7.000000000E-09
129,3.403599157E-28,7.000000000E-09
129.5,9.989677489E-29,7.000000000E-09
130,3.486609414E-29,7.000000000E-09