z,rho
0,0.3293262
0.2,0.3306447
0.4,0.3318368
0.6,0.3329492
0.8,0.3340229
1,0.3350939
1.2,0.3361931
1.4,0.3373474
1.6,0.3385793
1.8,0.3399079
2,0.3413489
2.2,0.3429148
2.4,0.3446153
2.6,0.3464579
2.8,0.3484475
3,0.3505871
3.2,0.3528778
3.4,0.3553192
3.6,0.3579093
3.8,0.3606451
4,0.3635222
4.2,0.3665354
4.4,0.3696786
4.6,0.3729452
4.8,0.3763277
5,0.3798184
5.2,0.3834092
5.4,0.3870916
5.6,0.390857
5.8,0.3946966
6,0.3986016
6.2,0.4025632
6.4,0.4065726
6.6,0.4106213
6.8,0.4147006
7,0.4188024
7.2,0.4229185
7.4,0.4270411
7.6,0.4311627
7.8,0.4352759
8,0.439374
8.2,0.4434502
8.4,0.4474984
8.6,0.4515126
8.8,0.4554873
9,0.4594173
9.2,0.4632978
9.4,0.4671244
9.6,0.470893
9.8,0.4745998
10,0.4782415
10.2,0.4818151
10.4,0.4853179
10.6,0.4887476
10.8,0.4921021
11,0.4953798
11.2,0.4985792
11.4,0.5016993
11.6,0.5047393
11.8,0.5076985
12,0.5105767
12.2,0.5133739
12.4,0.5160901
12.6,0.5187259
12.8,0.5212818
13,0.5237586
13.2,0.5261573
13.4,0.528479
13.6,0.5307251
13.8,0.5328969
14,0.5349961
14.2,0.5370243
14.4,0.5389833
14.6,0.540875
14.8,0.5427014
15,0.5444645
15.2,0.5461664
15.4,0.5478094
15.6,0.5493955
15.8,0.550927
16,0.5524062
16.2,0.5538354
16.4,0.5552169
16.6,0.5565529
16.8,0.5578457
17,0.5590977
17.2,0.560311
17.4,0.5614879
17.6,0.5626307
17.8,0.5637414
18,0.5648221
18.2,0.5658751
18.4,0.5669023
18.6,0.5679057
18.8,0.5688872
19,0.5698488
19.2,0.5707921
19.4,0.5717191
19.6,0.5726313
19.8,0.5735303
20,0.5744179
20.2,0.5752953
20.4,0.5761642
20.6,0.5770257
20.8,0.5778812
21,0.5787319
21.2,0.579579
21.4,0.5804234
21.6,0.5812663
21.8,0.5821086
22,0.5829511
22.2,0.5837946
22.4,0.5846399
22.6,0.5854876
22.8,0.5863384
23,0.5871929
23.2,0.5880515
23.4,0.5889147
23.6,0.5897828
23.8,0.5906562
24,0.5915352
24.2,0.59242
24.4,0.5933108
24.6,0.5942078
24.8,0.595111
25,0.5960205
25.2,0.5969364
25.4,0.5978585
25.6,0.598787
25.8,0.5997216
26,0.6006623
26.2,0.601609
26.4,0.6025615
26.6,0.6035196
26.8,0.6044831
27,0.6054518
27.2,0.6064254
27.4,0.6074037
27.6,0.6083865
27.8,0.6093733
28,0.6103641
28.2,0.6113584
28.4,0.612356
28.6,0.6133565
28.8,0.6143597
29,0.6153652
29.2,0.6163727
29.4,0.617382
29.6,0.6183926
29.8,0.6194044
30,0.6204169
30.2,0.62143
30.4,0.6224432
30.6,0.6234565
30.8,0.6244693
31,0.6254816
31.2,0.6264931
31.4,0.6275034
31.6,0.6285125
31.8,0.62952
32,0.6305258
32.2,0.6315296
32.4,0.6325313
32.6,0.6335308
32.8,0.6345278
33,0.6355222
33.2,0.636514
33.4,0.6375029
33.6,0.6384889
33.8,0.6394719
34,0.6404518
34.2,0.6414286
34.4,0.6424021
34.6,0.6433725
34.8,0.6443396
35,0.6453035
35.2,0.6462641
35.4,0.6472215
35.6,0.6481757
35.8,0.6491266
36,0.6500745
36.2,0.6510193
36.4,0.651961
36.6,0.6528999
36.8,0.6538358
37,0.654769
37.2,0.6556996
37.4,0.6566275
37.6,0.657553
37.8,0.6584762
38,0.6593972
38.2,0.660316
38.4,0.6612329
38.6,0.6621479
38.8,0.6630613
39,0.6639731
39.2,0.6648834
39.4,0.6657925
39.6,0.6667004
39.8,0.6676074
40,0.6685135
40.2,0.6694188
40.4,0.6703236
40.6,0.6712279
40.8,0.6721319
41,0.6730357
41.2,0.6739395
41.4,0.6748434
41.6,0.6757474
41.8,0.6766518
42,0.6775566
42.2,0.6784619
42.4,0.6793678
42.6,0.6802745
42.8,0.6811821
43,0.6820905
43.2,0.6829999
43.4,0.6839104
43.6,0.6848221
43.8,0.6857349
44,0.686649
44.2,0.6875645
44.4,0.6884812
44.6,0.6893994
44.8,0.6903189
45,0.6912399
45.2,0.6921624
45.4,0.6930863
45.6,0.6940117
45.8,0.6949386
46,0.6958669
46.2,0.6967966
46.4,0.6977278
46.6,0.6986603
46.8,0.6995942
47,0.7005295
47.2,0.701466
47.4,0.7024037
47.6,0.7033426
47.8,0.7042826
48,0.7052236
48.2,0.7061657
48.4,0.7071086
48.6,0.7080524
48.8,0.7089969
49,0.7099421
49.2,0.7108879
49.4,0.7118342
49.6,0.7127809
49.8,0.7137279
50,0.7146751
50.2,0.7156225
50.4,0.71657
50.6,0.7175173
50.8,0.7184646
51,0.7194116
51.2,0.7203582
51.4,0.7213044
51.6,0.7222501
51.8,0.7231952
52,0.7241396
52.2,0.7250831
52.4,0.7260258
52.6,0.7269675
52.8,0.7279081
53,0.7288476
53.2,0.7297858
53.4,0.7307228
53.6,0.7316584
53.8,0.7325925
54,0.7335252
54.2,0.7344563
54.4,0.7353858
54.6,0.7363135
54.8,0.7372396
55,0.7381639
55.2,0.7390864
55.4,0.7400071
55.6,0.7409258
55.8,0.7418427
56,0.7427576
56.2,0.7436706
56.4,0.7445816
56.6,0.7454907
56.8,0.7463977
57,0.7473028
57.2,0.748206
57.4,0.7491071
57.6,0.7500064
57.8,0.7509036
58,0.751799
58.2,0.7526925
58.4,0.7535841
58.6,0.7544739
58.8,0.755362
59,0.7562482
59.2,0.7571328
59.4,0.7580157
59.6,0.758897
59.8,0.7597768
60,0.7606551
60.2,0.7615319
60.4,0.7624073
60.6,0.7632814
60.8,0.7641542
61,0.7650258
61.2,0.7658963
61.4,0.7667657
61.6,0.7676341
61.8,0.7685016
62,0.7693682
62.2,0.7702339
62.4,0.771099
62.6,0.7719633
62.8,0.772827
63,0.7736902
63.2,0.7745528
63.4,0.775415
63.6,0.7762768
63.8,0.7771383
64,0.7779995
64.2,0.7788604
64.4,0.7797211
64.6,0.7805817
64.8,0.7814422
65,0.7823025
65.2,0.7831628
65.4,0.7840231
65.6,0.7848834
65.8,0.7857436
66,0.7866039
66.2,0.7874641
66.4,0.7883244
66.6,0.7891847
66.8,0.790045
67,0.7909052
67.2,0.7917654
67.4,0.7926256
67.6,0.7934856
67.8,0.7943455
68,0.7952052
68.2,0.7960647
68.4,0.7969239
68.6,0.7977827
68.8,0.798641
69,0.7994989
69.2,0.8003562
69.4,0.8012128
69.6,0.8020687
69.8,0.8029236
70,0.8037777
70.2,0.8046306
70.4,0.8054824
70.6,0.8063328
70.8,0.8071818
71,0.8080293
71.2,0.8088751
71.4,0.809719
71.6,0.810561
71.8,0.8114009
72,0.8122385
72.2,0.8130737
72.4,0.8139063
72.6,0.8147362
72.8,0.8155632
73,0.8163872
73.2,0.817208
73.4,0.8180253
73.6,0.8188392
73.8,0.8196493
74,0.8204556
74.2,0.8212578
74.4,0.8220558
74.6,0.8228494
74.8,0.8236385
75,0.8244229
75.2,0.8252024
75.4,0.8259768
75.6,0.8267461
75.8,0.82751
76,0.8282685
76.2,0.8290213
76.4,0.8297683
76.6,0.8305093
76.8,0.8312443
77,0.8319731
77.2,0.8326956
77.4,0.8334116
77.6,0.834121
77.8,0.8348238
78,0.8355198
78.2,0.8362089
78.4,0.8368911
78.6,0.8375662
78.8,0.8382343
79,0.8388951
79.2,0.8395487
79.4,0.840195
79.6,0.840834
79.8,0.8414656
80,0.8420898
80.2,0.8427066
80.4,0.843316
80.6,0.843918
80.8,0.8445126
81,0.8450998
81.2,0.8456796
81.4,0.8462521
81.6,0.8468174
81.8,0.8473754
82,0.8479263
82.2,0.84847
82.4,0.8490068
82.6,0.8495367
82.8,0.8500597
83,0.850576
83.2,0.8510858
83.4,0.851589
83.6,0.8520859
83.8,0.8525766
84,0.8530612
84.2,0.8535399
84.4,0.8540128
84.6,0.8544801
84.8,0.8549419
85,0.8553985
85.2,0.8558499
85.4,0.8562965
85.6,0.8567383
85.8,0.8571756
86,0.8576084
86.2,0.8580372
86.4,0.8584619
86.6,0.8588829
86.8,0.8593002
87,0.8597142
87.2,0.860125
87.4,0.8605328
87.6,0.8609377
87.8,0.8613401
88,0.86174
88.2,0.8621376
88.4,0.8625332
88.6,0.8629269
88.8,0.8633189
89,0.8637094
89.2,0.8640985
89.4,0.8644863
89.6,0.8648731
89.8,0.8652589
90,0.865644
90.2,0.8660283
90.4,0.8664121
90.6,0.8667955
90.8,0.8671785
91,0.8675613
91.2,0.8679438
91.4,0.8683263
91.6,0.8687087
91.8,0.8690912
92,0.8694736
92.2,0.8698562
92.4,0.8702388
92.6,0.8706215
92.8,0.8710043
93,0.8713871
93.2,0.87177
93.4,0.8721528
93.6,0.8725356
93.8,0.8729182
94,0.8733006
94.2,0.8736827
94.4,0.8740644
94.6,0.8744456
94.8,0.8748261
95,0.8752059
95.2,0.8755848
95.4,0.8759626
95.6,0.8763392
95.8,0.8767145
96,0.8770882
96.2,0.8774602
96.4,0.8778303
96.6,0.8781983
96.8,0.8785641
97,0.8789274
97.2,0.879288
97.4,0.8796457
97.6,0.8800004
97.8,0.8803518
98,0.8806997
98.2,0.8810439
98.4,0.8813843
98.6,0.8817207
98.8,0.8820528
99,0.8823805
99.2,0.8827036
99.4,0.8830219
99.6,0.8833353
99.8,0.8836437
100,0.8839469
100.2,0.8842448
100.4,0.8845372
100.6,0.8848241
100.8,0.8851055
101,0.8853811
101.2,0.8856511
101.4,0.8859153
101.6,0.8861738
101.8,0.8864265
102,0.8866735
102.2,0.8869148
102.4,0.8871505
102.6,0.8873807
102.8,0.8876055
103,0.8878249
103.2,0.8880393
103.4,0.8882486
103.6,0.8884531
103.8,0.8886531
104,0.8888487
104.2,0.8890402
104.4,0.8892279
104.6,0.8894121
104.8,0.889593
105,0.8897709
105.2,0.88994873
105.4,0.89012551
105.6,0.89030125
105.8,0.89047595
106,0.89064963
106.2,0.89082229
106.4,0.89099393
106.6,0.89116456
106.8,0.89133419
107,0.89150282
107.2,0.89167046
107.4,0.89183711
107.6,0.89200279
107.8,0.89216748
108,0.89233121
108.2,0.89249398
108.4,0.89265578
108.6,0.89281664
108.8,0.89297655
109,0.89313552
109.2,0.89329355
109.4,0.89345066
109.6,0.89360684
109.8,0.8937621
110,0.89391645
110.2,0.89406988
110.4,0.89422242
110.6,0.89437406
110.8,0.89452481
111,0.89467467
111.2,0.89482365
111.4,0.89497175
111.6,0.89511899
111.8,0.89526535
112,0.89541086
112.2,0.89555551
112.4,0.8956993
112.6,0.89584225
112.8,0.89598437
113,0.89612564
113.2,0.89626609
113.4,0.8964057
113.6,0.8965445
113.8,0.89668248
114,0.89681965
114.2,0.89695601
114.4,0.89709157
114.6,0.89722633
114.8,0.8973603
115,0.89749348
115.2,0.89762588
115.4,0.8977575
115.6,0.89788834
115.8,0.89801842
116,0.89814772
116.2,0.89827627
116.4,0.89840407
116.6,0.89853111
116.8,0.8986574
117,0.89878295
117.2,0.89890776
117.4,0.89903184
117.6,0.89915519
117.8,0.89927781
118,0.89939971
118.2,0.8995209
118.4,0.89964137
118.6,0.89976113
118.8,0.89988019
119,0.89999854
119.2,0.90011621
119.4,0.90023317
119.6,0.90034946
119.8,0.90046505
120,0.90057997
120.2,0.90069421
120.4,0.90080778
120.6,0.90092068
120.8,0.90103292
121,0.90114449
121.2,0.90125541
121.4,0.90136568
121.6,0.9014753
121.8,0.90158427
122,0.90169261
122.2,0.9018003
122.4,0.90190736
122.6,0.9020138
122.8,0.9021196
123,0.90222479
123.2,0.90232935
123.4,0.9024333
123.6,0.90253664
123.8,0.90263937
124,0.9027415
124.2,0.90284302
124.4,0.90294395
124.6,0.90304428
124.8,0.90314403
125,0.90324319
125.2,0.90334176
125.4,0.90343975
125.6,0.90353717
125.8,0.90363402
126,0.90373029
126.2,0.903826
126.4,0.90392115
126.6,0.90401573
126.8,0.90410976
127,0.90420324
127.2,0.90429616
127.4,0.90438854
127.6,0.90448038
127.8,0.90457168
128,0.90466244
128.2,0.90475266
128.4,0.90484235
128.6,0.90493152
128.8,0.90502016
129,0.90510828
129.2,0.90519589
129.4,0.90528297
129.6,0.90536955
129.8,0.90545561
130,0.90554117
130.2,0.90562623
130.4,0.90571079
130.6,0.90579484
130.8,0.90587841
131,0.90596148
131.2,0.90604406
131.4,0.90612616
131.6,0.90620777
131.8,0.90628891
132,0.90636957
132.2,0.90644975
132.4,0.90652946
132.6,0.9066087
132.8,0.90668748
133,0.90676579
133.2,0.90684364
133.4,0.90692104
133.6,0.90699798
133.8,0.90707446
134,0.9071505
134.2,0.90722609
134.4,0.90730123
134.6,0.90737593
134.8,0.9074502
135,0.90752402
135.2,0.90759741
135.4,0.90767037
135.6,0.9077429
135.8,0.90781501
136,0.90788669
136.2,0.90795795
136.4,0.90802878
136.6,0.90809921
136.8,0.90816921
137,0.90823881
137.2,0.908308
137.4,0.90837678
137.6,0.90844515
137.8,0.90851313
138,0.9085807
138.2,0.90864787
138.4,0.90871465
138.6,0.90878104
138.8,0.90884704
139,0.90891265
139.2,0.90897787
139.4,0.90904271
139.6,0.90910717
139.8,0.90917125
140,0.90923495
140.2,0.90929827
140.4,0.90936123
140.6,0.90942381
140.8,0.90948603
141,0.90954788
141.2,0.90960936
141.4,0.90967049
141.6,0.90973125
141.8,0.90979166
142,0.90985171
142.2,0.90991141
142.4,0.90997076
142.6,0.91002976
142.8,0.91008841
143,0.91014671
143.2,0.91020468
143.4,0.9102623
143.6,0.91031958
143.8,0.91037653
144,0.91043314
144.2,0.91048942
144.4,0.91054537
144.6,0.91060098
144.8,0.91065627
145,0.91071124
145.2,0.91076588
145.4,0.9108202
145.6,0.9108742
145.8,0.91092789
146,0.91098126
146.2,0.91103431
146.4,0.91108705
146.6,0.91113948
146.8,0.91119161
147,0.91124342
147.2,0.91129494
147.4,0.91134614
147.6,0.91139705
147.8,0.91144766
148,0.91149797
148.2,0.91154798
148.4,0.9115977
148.6,0.91164713
148.8,0.91169627
149,0.91174512
149.2,0.91179368
149.4,0.91184195
149.6,0.91188994
149.8,0.91193765
150,0.91198508
150.2,0.91203223
150.4,0.9120791
150.6,0.91212569
150.8,0.91217202
151,0.91221806
151.2,0.91226384
151.4,0.91230935
151.6,0.91235459
151.8,0.91239957
152,0.91244428
152.2,0.91248873
152.4,0.91253291
152.6,0.91257684
152.8,0.91262051
153,0.91266392
153.2,0.91270707
153.4,0.91274997
153.6,0.91279262
153.8,0.91283502
154,0.91287717
154.2,0.91291907
154.4,0.91296073
154.6,0.91300214
154.8,0.9130433
155,0.91308422
155.2,0.91312491
155.4,0.91316535
155.6,0.91320556
155.8,0.91324553
156,0.91328526
156.2,0.91332476
156.4,0.91336403
156.6,0.91340307
156.8,0.91344187
157,0.91348045
157.2,0.9135188
157.4,0.91355693
157.6,0.91359483
157.8,0.91363251
158,0.91366997
158.2,0.91370721
158.4,0.91374423
158.6,0.91378103
158.8,0.91381761
159,0.91385398
159.2,0.91389013
159.4,0.91392607
159.6,0.91396181
159.8,0.91399733
160,0.91403264
160.2,0.91406774
160.4,0.91410264
160.6,0.91413733
160.8,0.91417182
161,0.9142061
161.2,0.91424019
161.4,0.91427407
161.6,0.91430775
161.8,0.91434124
162,0.91437453
162.2,0.91440762
162.4,0.91444052
162.6,0.91447322
162.8,0.91450573
163,0.91453805
163.2,0.91457019
163.4,0.91460213
163.6,0.91463388
163.8,0.91466545
164,0.91469683
164.2,0.91472803
164.4,0.91475904
164.6,0.91478987
164.8,0.91482052
165,0.91485099
165.2,0.91488128
165.4,0.91491139
165.6,0.91494132
165.8,0.91497108
166,0.91500066
166.2,0.91503007
166.4,0.91505931
166.6,0.91508837
166.8,0.91511727
167,0.91514599
167.2,0.91517454
167.4,0.91520293
167.6,0.91523115
167.8,0.9152592
168,0.91528709
168.2,0.91531482
168.4,0.91534238
168.6,0.91536978
168.8,0.91539701
169,0.91542409
169.2,0.91545101
169.4,0.91547777
169.6,0.91550437
169.8,0.91553082
170,0.91555711
170.2,0.91558325
170.4,0.91560923
170.6,0.91563506
170.8,0.91566073
171,0.91568626
171.2,0.91571164
171.4,0.91573686
171.6,0.91576194
171.8,0.91578687
172,0.91581166
172.2,0.9158363
172.4,0.91586079
172.6,0.91588514
172.8,0.91590935
173,0.91593341
173.2,0.91595733
173.4,0.91598111
173.6,0.91600475
173.8,0.91602826
174,0.91605162
174.2,0.91607485
174.4,0.91609794
174.6,0.91612089
174.8,0.91614371
175,0.9161664
175.2,0.91618895
175.4,0.91621137
175.6,0.91623365
175.8,0.91625581
176,0.91627784
176.2,0.91629973
176.4,0.9163215
176.6,0.91634314
176.8,0.91636465
177,0.91638604
177.2,0.9164073
177.4,0.91642843
177.6,0.91644944
177.8,0.91647033
178,0.91649109
178.2,0.91651173
178.4,0.91653225
178.6,0.91655265
178.8,0.91657293
179,0.91659309
179.2,0.91661313
179.4,0.91663306
179.6,0.91665286
179.8,0.91667255
180,0.91669213
180.2,0.91671159
180.4,0.91673093
180.6,0.91675016
180.8,0.91676928
181,0.91678829
181.2,0.91680718
181.4,0.91682596
181.6,0.91684463
181.8,0.91686319
182,0.91688165
182.2,0.91689999
182.4,0.91691823
182.6,0.91693636
182.8,0.91695438
183,0.91697229
183.2,0.91699011
183.4,0.91700781
183.6,0.91702541
183.8,0.91704291
184,0.91706031
184.2,0.9170776
184.4,0.91709479
184.6,0.91711188
184.8,0.91712887
185,0.91714576
185.2,0.91716255
185.4,0.91717924
185.6,0.91719584
185.8,0.91721233
186,0.91722873
186.2,0.91724503
186.4,0.91726124
186.6,0.91727735
186.8,0.91729337
187,0.91730929
187.2,0.91732512
187.4,0.91734085
187.6,0.9173565
187.8,0.91737205
188,0.91738751
188.2,0.91740288
188.4,0.91741815
188.6,0.91743334
188.8,0.91744844
189,0.91746345
189.2,0.91747837
189.4,0.91749321
189.6,0.91750795
189.8,0.91752261
190,0.91753718
190.2,0.91755167
190.4,0.91756608
190.6,0.91758039
190.8,0.91759463
191,0.91760878
191.2,0.91762284
191.4,0.91763683
191.6,0.91765073
191.8,0.91766455
192,0.91767829
192.2,0.91769195
192.4,0.91770552
192.6,0.91771902
192.8,0.91773244
193,0.91774578
193.2,0.91775904
193.4,0.91777222
193.6,0.91778533
193.8,0.91779835
194,0.91781131
194.2,0.91782418
194.4,0.91783698
194.6,0.91784971
194.8,0.91786235
195,0.91787493
195.2,0.91788743
195.4,0.91789986
195.6,0.91791221
195.8,0.91792449
196,0.9179367
196.2,0.91794884
196.4,0.91796091
196.6,0.9179729
196.8,0.91798483
197,0.91799668
197.2,0.91800847
197.4,0.91802018
197.6,0.91803183
197.8,0.91804341
198,0.91805492
198.2,0.91806636
198.4,0.91807773
198.6,0.91808904
198.8,0.91810028
199,0.91811146
199.2,0.91812257
199.4,0.91813361
199.6,0.91814459
199.8,0.91815551
200,0.91816636
200.2,0.91817714
200.4,0.91818787
200.6,0.91819853
200.8,0.91820912
201,0.91821966
201.2,0.91823013
201.4,0.91824054
201.6,0.91825089
201.8,0.91826118
202,0.91827141
202.2,0.91828158
202.4,0.91829169
202.6,0.91830174
202.8,0.91831173
203,0.91832166
203.2,0.91833153
203.4,0.91834135
203.6,0.91835111
203.8,0.91836081
204,0.91837045
204.2,0.91838003
204.4,0.91838956
204.6,0.91839904
204.8,0.91840846
205,0.91841782
205.2,0.91842713
205.4,0.91843638
205.6,0.91844558
205.8,0.91845472
206,0.91846381
206.2,0.91847285
206.4,0.91848183
206.6,0.91849076
206.8,0.91849964
207,0.91850847
207.2,0.91851724
207.4,0.91852596
207.6,0.91853463
207.8,0.91854325
208,0.91855182
208.2,0.91856034
208.4,0.91856881
208.6,0.91857723
208.8,0.9185856
209,0.91859392
209.2,0.91860219
209.4,0.91861042
209.6,0.91861859
209.8,0.91862672
210,0.91863479
210.2,0.91864283
210.4,0.91865081
210.6,0.91865875
210.8,0.91866664
211,0.91867448
211.2,0.91868228
211.4,0.91869003
211.6,0.91869774
211.8,0.9187054
212,0.91871301
212.2,0.91872058
212.4,0.91872811
212.6,0.91873559
212.8,0.91874303
213,0.91875042
213.2,0.91875777
213.4,0.91876508
213.6,0.91877235
213.8,0.91877957
214,0.91878675
214.2,0.91879388
214.4,0.91880098
214.6,0.91880803
214.8,0.91881504
215,0.91882202
215.2,0.91882895
215.4,0.91883583
215.6,0.91884268
215.8,0.91884949
216,0.91885626
216.2,0.91886299
216.4,0.91886968
216.6,0.91887632
216.8,0.91888293
217,0.91888951
217.2,0.91889604
217.4,0.91890253
217.6,0.91890899
217.8,0.91891541
218,0.91892179
218.2,0.91892813
218.4,0.91893444
218.6,0.9189407
218.8,0.91894693
219,0.91895313
219.2,0.91895929
219.4,0.91896541
219.6,0.9189715
219.8,0.91897755
220,0.91898356
220.2,0.91898954
220.4,0.91899548
220.6,0.91900139
220.8,0.91900727
221,0.91901311
221.2,0.91901891
221.4,0.91902469
221.6,0.91903042
221.8,0.91903613
222,0.9190418
222.2,0.91904743
222.4,0.91905304
222.6,0.91905861
222.8,0.91906415
223,0.91906965
223.2,0.91907512
223.4,0.91908056
223.6,0.91908597
223.8,0.91909135
224,0.91909669
224.2,0.91910201
224.4,0.91910729
224.6,0.91911254
224.8,0.91911776
225,0.91912295
225.2,0.91912811
225.4,0.91913324
225.6,0.91913834
225.8,0.91914341
226,0.91914845
226.2,0.91915346
226.4,0.91915844
226.6,0.91916339
226.8,0.91916831
227,0.9191732
227.2,0.91917807
227.4,0.9191829
227.6,0.91918771
227.8,0.91919249
228,0.91919724
228.2,0.91920196
228.4,0.91920665
228.6,0.91921132
228.8,0.91921596
229,0.91922057
229.2,0.91922516
229.4,0.91922972
229.6,0.91923425
229.8,0.91923875
230,0.91924323
230.2,0.91924768
230.4,0.91925211
230.6,0.91925651
230.8,0.91926088
231,0.91926523
231.2,0.91926955
231.4,0.91927385
231.6,0.91927812
231.8,0.91928237
232,0.91928659
232.2,0.91929078
232.4,0.91929496
232.6,0.9192991
232.8,0.91930323
233,0.91930733
233.2,0.9193114
233.4,0.91931545
233.6,0.91931948
233.8,0.91932348
234,0.91932746
234.2,0.91933142
234.4,0.91933535
234.6,0.91933926
234.8,0.91934315
235,0.91934701
235.2,0.91935085
235.4,0.91935467
235.6,0.91935847
235.8,0.91936224
236,0.91936599
236.2,0.91936972
236.4,0.91937343
236.6,0.91937712
236.8,0.91938078
237,0.91938442
237.2,0.91938804
237.4,0.91939164
237.6,0.91939522
237.8,0.91939878
238,0.91940232
238.2,0.91940583
238.4,0.91940933
238.6,0.9194128
238.8,0.91941626
239,0.91941969
239.2,0.9194231
239.4,0.9194265
239.6,0.91942987
239.8,0.91943323
240,0.91943656
240.2,0.91943987
240.4,0.91944317
240.6,0.91944645
240.8,0.9194497
241,0.91945294
241.2,0.91945616
241.4,0.91945936
241.6,0.91946254
241.8,0.9194657
242,0.91946884
242.2,0.91947197
242.4,0.91947507
242.6,0.91947816
242.8,0.91948123
243,0.91948428
243.2,0.91948732
243.4,0.91949033
243.6,0.91949333
243.8,0.91949631
244,0.91949927
244.2,0.91950222
244.4,0.91950515
244.6,0.91950806
244.8,0.91951095
245,0.91951383
245.2,0.91951669
245.4,0.91951953
245.6,0.91952236
245.8,0.91952517
246,0.91952796
246.2,0.91953074
246.4,0.9195335
246.6,0.91953624
246.8,0.91953897
247,0.91954168
247.2,0.91954438
247.4,0.91954706
247.6,0.91954972
247.8,0.91955237
248,0.91955501
248.2,0.91955762
248.4,0.91956023
248.6,0.91956281
248.8,0.91956539
249,0.91956794
249.2,0.91957048
249.4,0.91957301
249.6,0.91957552
249.8,0.91957802
250,0.9195805
250.2,0.91958297
250.4,0.91958542
250.6,0.91958786
250.8,0.91959029
251,0.9195927
251.2,0.91959509
251.4,0.91959747
251.6,0.91959984
251.8,0.9196022
252,0.91960454
252.2,0.91960686
252.4,0.91960917
252.6,0.91961147
252.8,0.91961376
253,0.91961603
253.2,0.91961829
253.4,0.91962054
253.6,0.91962277
253.8,0.91962499
254,0.91962719
254.2,0.91962939
254.4,0.91963157
254.6,0.91963373
254.8,0.91963589
255,0.91963803
255.2,0.91964016
255.4,0.91964228
255.6,0.91964438
255.8,0.91964647
256,0.91964855
256.2,0.91965062
256.4,0.91965268
256.6,0.91965472
256.8,0.91965675
257,0.91965877
257.2,0.91966078
257.4,0.91966277
257.6,0.91966476
257.8,0.91966673
258,0.91966869
258.2,0.91967064
258.4,0.91967257
258.6,0.9196745
258.8,0.91967642
259,0.91967832
259.2,0.91968021
259.4,0.91968209
259.6,0.91968396
259.8,0.91968582
260,0.91968767
260.2,0.91968951
260.4,0.91969133
260.6,0.91969315
260.8,0.91969495
261,0.91969675
261.2,0.91969853
261.4,0.91970031
261.6,0.91970207
261.8,0.91970382
262,0.91970556
262.2,0.9197073
262.4,0.91970902
262.6,0.91971073
262.8,0.91971243
263,0.91971412
263.2,0.91971581
263.4,0.91971748
263.6,0.91971914
263.8,0.91972079
264,0.91972243
264.2,0.91972407
264.4,0.91972569
264.6,0.9197273
264.8,0.91972891
265,0.9197305
265.2,0.91973209
265.4,0.91973366
265.6,0.91973523
265.8,0.91973679
266,0.91973834
266.2,0.91973988
266.4,0.91974141
266.6,0.91974293
266.8,0.91974444
267,0.91974594
267.2,0.91974744
267.4,0.91974892
267.6,0.9197504
267.8,0.91975187
268,0.91975333
268.2,0.91975478
268.4,0.91975622
268.6,0.91975766
268.8,0.91975908
269,0.9197605
269.2,0.91976191
269.4,0.91976331
269.6,0.9197647
269.8,0.91976608
270,0.91976746
270.2,0.91976883
270.4,0.91977019
270.6,0.91977154
270.8,0.91977288
271,0.91977422
271.2,0.91977555
271.4,0.91977687
271.6,0.91977818
271.8,0.91977949
272,0.91978078
272.2,0.91978207
272.4,0.91978335
272.6,0.91978463
272.8,0.9197859
273,0.91978716
273.2,0.91978841
273.4,0.91978965
273.6,0.91979089
273.8,0.91979212
274,0.91979334
274.2,0.91979456
274.4,0.91979577
274.6,0.91979697
274.8,0.91979816
275,0.91979935
275.2,0.91980053
275.4,0.9198017
275.6,0.91980287
275.8,0.91980403
276,0.91980518
276.2,0.91980633
276.4,0.91980747
276.6,0.9198086
276.8,0.91980973
277,0.91981085
277.2,0.91981196
277.4,0.91981307
277.6,0.91981416
277.8,0.91981526
278,0.91981634
278.2,0.91981743
278.4,0.9198185
278.6,0.91981957
278.8,0.91982063
279,0.91982168
279.2,0.91982273
279.4,0.91982378
279.6,0.91982481
279.8,0.91982584
280,0.91982687
280.2,0.91982789
280.4,0.9198289
280.6,0.9198299
280.8,0.91983091
281,0.9198319
281.2,0.91983289
281.4,0.91983387
281.6,0.91983485
281.8,0.91983582
282,0.91983679
282.2,0.91983775
282.4,0.9198387
282.6,0.91983965
282.8,0.91984059
283,0.91984153
283.2,0.91984246
283.4,0.91984339
283.6,0.91984431
283.8,0.91984523
284,0.91984614
284.2,0.91984704
284.4,0.91984794
284.6,0.91984884
284.8,0.91984973
285,0.91985061
285.2,0.91985149
285.4,0.91985236
285.6,0.91985323
285.8,0.91985409
286,0.91985495
286.2,0.91985581
286.4,0.91985665
286.6,0.9198575
286.8,0.91985834
287,0.91985917
287.2,0.91986
287.4,0.91986082
287.6,0.91986164
287.8,0.91986245
288,0.91986326
288.2,0.91986407
288.4,0.91986487
288.6,0.91986566
288.8,0.91986645
289,0.91986724
289.2,0.91986802
289.4,0.9198688
289.6,0.91986957
289.8,0.91987033
290,0.9198711
290.2,0.91987186
290.4,0.91987261
290.6,0.91987336
290.8,0.9198741
291,0.91987484
291.2,0.91987558
291.4,0.91987631
291.6,0.91987704
291.8,0.91987776
292,0.91987848
292.2,0.9198792
292.4,0.91987991
292.6,0.91988061
292.8,0.91988132
293,0.91988201
293.2,0.91988271
293.4,0.9198834
293.6,0.91988408
293.8,0.91988477
294,0.91988544
294.2,0.91988612
294.4,0.91988679
294.6,0.91988745
294.8,0.91988812
295,0.91988877
295.2,0.91988943
295.4,0.91989008
295.6,0.91989073
295.8,0.91989137
296,0.91989201
296.2,0.91989264
296.4,0.91989327
296.6,0.9198939
296.8,0.91989453
297,0.91989515
297.2,0.91989576
297.4,0.91989638
297.6,0.91989699
297.8,0.91989759
298,0.91989819
298.2,0.91989879
298.4,0.91989939
298.6,0.91989998
298.8,0.91990057
299,0.91990115
299.2,0.91990174
299.4,0.91990231
299.6,0.91990289
299.8,0.91990346
300,0.91990403
300.2,0.91990459
300.4,0.91990515
300.6,0.91990571
300.8,0.91990627
301,0.91990682
301.2,0.91990737
301.4,0.91990791
301.6,0.91990845
301.8,0.91990899
302,0.91990953
302.2,0.91991006
302.4,0.91991059
302.6,0.91991111
302.8,0.91991164
303,0.91991216
303.2,0.91991267
303.4,0.91991319
303.6,0.9199137
303.8,0.91991421
304,0.91991471
304.2,0.91991521
304.4,0.91991571
304.6,0.91991621
304.8,0.9199167
305,0.91991719
305.2,0.91991768
305.4,0.91991816
305.6,0.91991864
305.8,0.91991912
306,0.9199196
306.2,0.91992007
306.4,0.91992054
306.6,0.91992101
306.8,0.91992147
307,0.91992193
307.2,0.91992239
307.4,0.91992285
307.6,0.9199233
307.8,0.91992375
308,0.9199242
308.2,0.91992465
308.4,0.91992509
308.6,0.91992553
308.8,0.91992597
309,0.91992641
309.2,0.91992684
309.4,0.91992727
309.6,0.9199277
309.8,0.91992812
310,0.91992855
310.2,0.91992897
310.4,0.91992938
310.6,0.9199298
310.8,0.91993021
311,0.91993062
311.2,0.91993103
311.4,0.91993144
311.6,0.91993184
311.8,0.91993224
312,0.91993264
312.2,0.91993304
312.4,0.91993343
312.6,0.91993382
312.8,0.91993421
313,0.9199346
313.2,0.91993498
313.4,0.91993536
313.6,0.91993574
313.8,0.91993612
314,0.9199365
314.2,0.91993687
314.4,0.91993724
314.6,0.91993761
314.8,0.91993798
315,0.91993834
315.2,0.91993871
315.4,0.91993907
315.6,0.91993943
315.8,0.91993978
316,0.91994014
316.2,0.91994049
316.4,0.91994084
316.6,0.91994119
316.8,0.91994153
317,0.91994188
317.2,0.91994222
317.4,0.91994256
317.6,0.9199429
317.8,0.91994323
318,0.91994357
318.2,0.9199439
318.4,0.91994423
318.6,0.91994456
318.8,0.91994488
319,0.91994521
319.2,0.91994553
319.4,0.91994585
319.6,0.91994617
319.8,0.91994649
320,0.9199468
320.2,0.91994711
320.4,0.91994742
320.6,0.91994773
320.8,0.91994804
321,0.91994835
321.2,0.91994865
321.4,0.91994895
321.6,0.91994925
321.8,0.91994955
322,0.91994985
322.2,0.91995014
322.4,0.91995044
322.6,0.91995073
322.8,0.91995102
323,0.91995131
323.2,0.91995159
323.4,0.91995188
323.6,0.91995216
323.8,0.91995244
324,0.91995272
324.2,0.919953
324.4,0.91995328
324.6,0.91995355
324.8,0.91995382
325,0.9199541
325.2,0.91995437
325.4,0.91995463
325.6,0.9199549
325.8,0.91995517
326,0.91995543
326.2,0.91995569
326.4,0.91995595
326.6,0.91995621
326.8,0.91995647
327,0.91995673
327.2,0.91995698
327.4,0.91995723
327.6,0.91995748
327.8,0.91995773
328,0.91995798
328.2,0.91995823
328.4,0.91995848
328.6,0.91995872
328.8,0.91995896
329,0.9199592
329.2,0.91995944
329.4,0.91995968
329.6,0.91995992
329.8,0.91996016
330,0.91996039
330.2,0.91996062
330.4,0.91996086
330.6,0.91996109
330.8,0.91996131
331,0.91996154
331.2,0.91996177
331.4,0.91996199
331.6,0.91996222
331.8,0.91996244
332,0.91996266
332.2,0.91996288
332.4,0.9199631
332.6,0.91996332
332.8,0.91996353
333,0.91996375
333.2,0.91996396
333.4,0.91996417
333.6,0.91996438
333.8,0.91996459
334,0.9199648
334.2,0.91996501
334.4,0.91996521
334.6,0.91996542
334.8,0.91996562
335,0.91996582
335.2,0.91996602
335.4,0.91996622
335.6,0.91996642
335.8,0.91996662
336,0.91996682
336.2,0.91996701
336.4,0.91996721
336.6,0.9199674
336.8,0.91996759
337,0.91996778
337.2,0.91996797
337.4,0.91996816
337.6,0.91996835
337.8,0.91996853
338,0.91996872
338.2,0.9199689
338.4,0.91996908
338.6,0.91996927
338.8,0.91996945
339,0.91996963
339.2,0.91996981
339.4,0.91996998
339.6,0.91997016
339.8,0.91997034
340,0.91997051
340.2,0.91997068
340.4,0.91997086
340.6,0.91997103
340.8,0.9199712
341,0.91997137
341.2,0.91997154
341.4,0.9199717
341.6,0.91997187
341.8,0.91997203
342,0.9199722
342.2,0.91997236
342.4,0.91997253
342.6,0.91997269
342.8,0.91997285
343,0.91997301
343.2,0.91997317
343.4,0.91997332
343.6,0.91997348
343.8,0.91997364
344,0.91997379
344.2,0.91997395
344.4,0.9199741
344.6,0.91997425
344.8,0.9199744
345,0.91997455
345.2,0.9199747
345.4,0.91997485
345.6,0.919975
345.8,0.91997515
346,0.91997529
346.2,0.91997544
346.4,0.91997558
346.6,0.91997573
346.8,0.91997587
347,0.91997601
347.2,0.91997615
347.4,0.91997629
347.6,0.91997643
347.8,0.91997657
348,0.91997671
348.2,0.91997685
348.4,0.91997698
348.6,0.91997712
348.8,0.91997725
349,0.91997739
349.2,0.91997752
349.4,0.91997765
349.6,0.91997778
349.8,0.91997791
350,0.91997804
350.2,0.91997817
350.4,0.9199783
350.6,0.91997843
350.8,0.91997856
351,0.91997868
351.2,0.91997881
351.4,0.91997893
351.6,0.91997906
351.8,0.91997918
352,0.9199793
352.2,0.91997942
352.4,0.91997954
352.6,0.91997966
352.8,0.91997978
353,0.9199799
353.2,0.91998002
353.4,0.91998014
353.6,0.91998026
353.8,0.91998037
354,0.91998049
354.2,0.9199806
354.4,0.91998072
354.6,0.91998083
354.8,0.91998094
355,0.91998105
355.2,0.91998117
355.4,0.91998128
355.6,0.91998139
355.8,0.9199815
356,0.91998161
356.2,0.91998171
356.4,0.91998182
356.6,0.91998193
356.8,0.91998203
357,0.91998214
357.2,0.91998225
357.4,0.91998235
357.6,0.91998245
357.8,0.91998256
358,0.91998266
358.2,0.91998276
358.4,0.91998286
358.6,0.91998296
358.8,0.91998306
359,0.91998316
359.2,0.91998326
359.4,0.91998336
359.6,0.91998346
359.8,0.91998356
360,0.91998365
360.2,0.91998375
360.4,0.91998384
360.6,0.91998394
360.8,0.91998403
361,0.91998413
361.2,0.91998422
361.4,0.91998431
361.6,0.91998441
361.8,0.9199845
362,0.91998459
362.2,0.91998468
362.4,0.91998477
362.6,0.91998486
362.8,0.91998495
363,0.91998504
363.2,0.91998513
363.4,0.91998521
363.6,0.9199853
363.8,0.91998539
364,0.91998547
364.2,0.91998556
364.4,0.91998564
364.6,0.91998573
364.8,0.91998581
365,0.91998589
365.2,0.91998598
365.4,0.91998606
365.6,0.91998614
365.8,0.91998622
366,0.9199863
366.2,0.91998639
366.4,0.91998647
366.6,0.91998654
366.8,0.91998662
367,0.9199867
367.2,0.91998678
367.4,0.91998686
367.6,0.91998694
367.8,0.91998701
368,0.91998709
368.2,0.91998717
368.4,0.91998724
368.6,0.91998732
368.8,0.91998739
369,0.91998746
369.2,0.91998754
369.4,0.91998761
369.6,0.91998768
369.8,0.91998776
370,0.91998783
370.2,0.9199879
370.4,0.91998797
370.6,0.91998804
370.8,0.91998811
371,0.91998818
371.2,0.91998825
371.4,0.91998832
371.6,0.91998839
371.8,0.91998846
372,0.91998853
372.2,0.91998859
372.4,0.91998866
372.6,0.91998873
372.8,0.91998879
373,0.91998886
373.2,0.91998893
373.4,0.91998899
373.6,0.91998906
373.8,0.91998912
374,0.91998918
374.2,0.91998925
374.4,0.91998931
374.6,0.91998937
374.8,0.91998944
375,0.9199895
375.2,0.91998956
375.4,0.91998962
375.6,0.91998968
375.8,0.91998974
376,0.9199898
376.2,0.91998986
376.4,0.91998992
376.6,0.91998998
376.8,0.91999004
377,0.9199901
377.2,0.91999016
377.4,0.91999022
377.6,0.91999027
377.8,0.91999033
378,0.91999039
378.2,0.91999044
378.4,0.9199905
378.6,0.91999056
378.8,0.91999061
379,0.91999067
379.2,0.91999072
379.4,0.91999078
379.6,0.91999083
379.8,0.91999088
380,0.91999094
380.2,0.91999099
380.4,0.91999104
380.6,0.9199911
380.8,0.91999115
381,0.9199912
381.2,0.91999125
381.4,0.9199913
381.6,0.91999136
381.8,0.91999141
382,0.91999146
382.2,0.91999151
382.4,0.91999156
382.6,0.91999161
382.8,0.91999166
383,0.91999171
383.2,0.91999175
383.4,0.9199918
383.6,0.91999185
383.8,0.9199919
384,0.91999195
384.2,0.91999199
384.4,0.91999204
384.6,0.91999209
384.8,0.91999213
385,0.91999218
385.2,0.91999223
385.4,0.91999227
385.6,0.91999232
385.8,0.91999236
386,0.91999241
386.2,0.91999245
386.4,0.9199925
386.6,0.91999254
386.8,0.91999259
387,0.91999263
387.2,0.91999267
387.4,0.91999272
387.6,0.91999276
387.8,0.9199928
388,0.91999284
388.2,0.91999289
388.4,0.91999293
388.6,0.91999297
388.8,0.91999301
389,0.91999305
389.2,0.91999309
389.4,0.91999313
389.6,0.91999317
389.8,0.91999321
390,0.91999325
390.2,0.91999329
390.4,0.91999333
390.6,0.91999337
390.8,0.91999341
391,0.91999345
391.2,0.91999349
391.4,0.91999353
391.6,0.91999356
391.8,0.9199936
392,0.91999364
392.2,0.91999368
392.4,0.91999371
392.6,0.91999375
392.8,0.91999379
393,0.91999382
393.2,0.91999386
393.4,0.9199939
393.6,0.91999393
393.8,0.91999397
394,0.919994
394.2,0.91999404
394.4,0.91999407
394.6,0.91999411
394.8,0.91999414
395,0.91999418
395.2,0.91999421
395.4,0.91999425
395.6,0.91999428
395.8,0.91999431
396,0.91999435
396.2,0.91999438
396.4,0.91999441
396.6,0.91999445
396.8,0.91999448
397,0.91999451
397.2,0.91999454
397.4,0.91999458
397.6,0.91999461
397.8,0.91999464
398,0.91999467
398.2,0.9199947
398.4,0.91999473
398.6,0.91999477
398.8,0.9199948
399,0.91999483
399.2,0.91999486
399.4,0.91999489
399.6,0.91999492
399.8,0.91999495
400,0.91999498